"seqnames","start","end","width","strand","Sample_ID","stat","pvals","fdrs","Condition","gene_name"
"1",1335494,1355494,20001,"*","SRR19127177",-4.84601867113645,1.25963666944732e-06,0.0159738056852369,"Post_chemo","DVL1"
"1",1335494,1355494,20001,"*","SRR19127177",-4.84601867113645,1.25963666944732e-06,0.0159738056852369,"Post_chemo","MIR6808"
"1",1335494,1355494,20001,"*","SRR19127177",-4.84601867113645,1.25963666944732e-06,0.0159738056852369,"Post_chemo","MXRA8"
"1",1335494,1355494,20001,"*","SRR19127177",-4.84601867113645,1.25963666944732e-06,0.0159738056852369,"Post_chemo",""
"22",49143439,49163439,20001,"*","SRR19127177",-5.39108537970155,7.0033388070903e-08,0.00260513153911419,"Post_chemo",""
"1",2430433,2450433,20001,"*","SRR19127177",-5.23066836847046,1.6889826660245e-07,0.0040389100930796,"Post_chemo","PLCH2"
"11",67573867,67593867,20001,"*","SRR19127177",-4.71903030736515,2.36971517017441e-06,0.0264856304664963,"Post_chemo","GSTP1"
"7",23464013,23484013,20001,"*","SRR19127177",-5.28310450823701,1.27012885795754e-07,0.00348541890011805,"Post_chemo","IGF2BP3"
"7",23464013,23484013,20001,"*","SRR19127177",-5.28310450823701,1.27012885795754e-07,0.00348541890011805,"Post_chemo",""
"7",23464013,23484013,20001,"*","SRR19127177",-5.28310450823701,1.27012885795754e-07,0.00348541890011805,"Post_chemo",""
"7",23464013,23484013,20001,"*","SRR19127177",-5.28310450823701,1.27012885795754e-07,0.00348541890011805,"Post_chemo",""
"1",3164857,3184857,20001,"*","SRR19127177",-4.68198141093213,2.84115250702472e-06,0.0284887831664835,"Post_chemo","PRDM16"
"1",3164857,3184857,20001,"*","SRR19127177",-4.68198141093213,2.84115250702472e-06,0.0284887831664835,"Post_chemo",""
"1",200961616,200981616,20001,"*","SRR19127177",-6.47807251072457,9.29017092218409e-11,2.59184775360011e-05,"Post_chemo","KIF21B"
"1",200961616,200981616,20001,"*","SRR19127177",-6.47807251072457,9.29017092218409e-11,2.59184775360011e-05,"Post_chemo","MROH3P"
"1",200961616,200981616,20001,"*","SRR19127177",-6.47807251072457,9.29017092218409e-11,2.59184775360011e-05,"Post_chemo",""
"5",83070453,83090453,20001,"*","SRR19127177",-5.9256205267296,3.1112029152182e-09,0.00028085186612817,"Post_chemo","XRCC4"
"5",83070453,83090453,20001,"*","SRR19127177",-5.9256205267296,3.1112029152182e-09,0.00028085186612817,"Post_chemo","TMEM167A"
"11",47385565,47405565,20001,"*","SRR19127177",-5.07014123745724,3.97520590558938e-07,0.00700443415403929,"Post_chemo","MIR4487"
"11",47385565,47405565,20001,"*","SRR19127177",-5.07014123745724,3.97520590558938e-07,0.00700443415403929,"Post_chemo","SPI1"
"11",47385565,47405565,20001,"*","SRR19127177",-5.07014123745724,3.97520590558938e-07,0.00700443415403929,"Post_chemo","SLC39A13-AS1"
"11",47385565,47405565,20001,"*","SRR19127177",-5.07014123745724,3.97520590558938e-07,0.00700443415403929,"Post_chemo",""
"7",101397435,101417435,20001,"*","SRR19127177",-5.12571358065793,2.96412931098078e-07,0.00583734354517736,"Post_chemo","COL26A1"
"3",197545220,197565220,20001,"*","SRR19127177",-5.68593154465575,1.30101505726807e-08,0.000725935611265896,"Post_chemo","BDH1"
"3",197545220,197565220,20001,"*","SRR19127177",-5.68593154465575,1.30101505726807e-08,0.000725935611265896,"Post_chemo",""
"1",60063603,60083603,20001,"*","SRR19127177",-5.05794364350908,4.2380163069331e-07,0.00731354474087445,"Post_chemo","C1orf87"
"1",60063603,60083603,20001,"*","SRR19127177",-5.05794364350908,4.2380163069331e-07,0.00731354474087445,"Post_chemo",""
"1",76857732,76877732,20001,"*","SRR19127177",-4.88191239897692,1.05061929867684e-06,0.0144152632132362,"Post_chemo","ST6GALNAC5"
"17",80181976,80201976,20001,"*","SRR19127177",-5.83402628299743,5.41055928953833e-09,0.000393777917433809,"Post_chemo","CARD14"
"17",80181976,80201976,20001,"*","SRR19127177",-5.83402628299743,5.41055928953833e-09,0.000393777917433809,"Post_chemo",""
"12",53341986,53361986,20001,"*","SRR19127177",-4.9990400337885,5.76164405613239e-07,0.00919945401024057,"Post_chemo","SP7"
"8",144993680,145013680,20001,"*","SRR19127177",-4.9103184856939,9.09285900323173e-07,0.0130092310926673,"Post_chemo",""
"8",144993680,145013680,20001,"*","SRR19127177",-4.9103184856939,9.09285900323173e-07,0.0130092310926673,"Post_chemo","TMED10P1"
"8",144993680,145013680,20001,"*","SRR19127177",-4.9103184856939,9.09285900323173e-07,0.0130092310926673,"Post_chemo",""
"8",144993680,145013680,20001,"*","SRR19127177",-4.9103184856939,9.09285900323173e-07,0.0130092310926673,"Post_chemo","ZNF252P"
"8",144993680,145013680,20001,"*","SRR19127177",-4.9103184856939,9.09285900323173e-07,0.0130092310926673,"Post_chemo","ZNF252P-AS1"
"8",144993680,145013680,20001,"*","SRR19127177",-4.9103184856939,9.09285900323173e-07,0.0130092310926673,"Post_chemo","ZNF252P"
"4",7698551,7718551,20001,"*","SRR19127177",-4.63738867353472,3.52838540634747e-06,0.0331812733419203,"Post_chemo","SORCS2"
"3",48707007,48727007,20001,"*","SRR19127177",-4.81153316285956,1.49776875692485e-06,0.018710138488884,"Post_chemo","IP6K2"
"19",1599137,1619137,20001,"*","SRR19127177",-4.65336437374055,3.26562428147563e-06,0.0318319891386787,"Post_chemo",""
"19",1599137,1619137,20001,"*","SRR19127177",-4.65336437374055,3.26562428147563e-06,0.0318319891386787,"Post_chemo","UQCR11"
"19",1599137,1619137,20001,"*","SRR19127177",-4.65336437374055,3.26562428147563e-06,0.0318319891386787,"Post_chemo","RNU6-1223P"
"19",1599137,1619137,20001,"*","SRR19127177",-4.65336437374055,3.26562428147563e-06,0.0318319891386787,"Post_chemo","TCF3"
"6",168051128,168071128,20001,"*","SRR19127177",-4.91518130415334,8.87003337537486e-07,0.0127998328431102,"Post_chemo","FRMD1"
"16",70437919,70457919,20001,"*","SRR19127177",-5.25020387035193,1.51930965818001e-07,0.00374002426001119,"Post_chemo","ST3GAL2"
"16",70437919,70457919,20001,"*","SRR19127177",-5.25020387035193,1.51930965818001e-07,0.00374002426001119,"Post_chemo","RPS27P26"
"16",70437919,70457919,20001,"*","SRR19127177",-5.25020387035193,1.51930965818001e-07,0.00374002426001119,"Post_chemo","RNU6-23P"
"16",70437919,70457919,20001,"*","SRR19127177",-5.25020387035193,1.51930965818001e-07,0.00374002426001119,"Post_chemo","FCSK"
"16",70437919,70457919,20001,"*","SRR19127177",-5.25020387035193,1.51930965818001e-07,0.00374002426001119,"Post_chemo",""
"7",3169384,3189384,20001,"*","SRR19127177",-4.62764571544282,3.69845999994703e-06,0.0336365939461685,"Post_chemo",""
"11",47585125,47605125,20001,"*","SRR19127177",-5.07563502333201,3.86203987655711e-07,0.00700443415403929,"Post_chemo","FAM180B"
"11",47585125,47605125,20001,"*","SRR19127177",-5.07563502333201,3.86203987655711e-07,0.00700443415403929,"Post_chemo","C1QTNF4"
"10",24713918,24733918,20001,"*","SRR19127177",-4.73169225607483,2.22655796082724e-06,0.0253544213660516,"Post_chemo","ARHGAP21"
"10",24713918,24733918,20001,"*","SRR19127177",-4.73169225607483,2.22655796082724e-06,0.0253544213660516,"Post_chemo",""
"15",28447148,28467148,20001,"*","SRR19127177",-5.73038920230137,1.00200459777022e-08,0.000599030197978895,"Post_chemo",""
"15",28447148,28467148,20001,"*","SRR19127177",-5.73038920230137,1.00200459777022e-08,0.000599030197978895,"Post_chemo",""
"16",47866783,47886783,20001,"*","SRR19127177",-4.62435533697035,3.75765224685964e-06,0.0336365939461685,"Post_chemo","LINC02192"
"16",47866783,47886783,20001,"*","SRR19127177",-4.62435533697035,3.75765224685964e-06,0.0336365939461685,"Post_chemo","LINC02133"
"8",102401851,102421851,20001,"*","SRR19127177",-5.76140610657629,8.34160631961817e-09,0.000531293493945442,"Post_chemo","UBR5"
"8",102401851,102421851,20001,"*","SRR19127177",-5.76140610657629,8.34160631961817e-09,0.000531293493945442,"Post_chemo","RNU6ATAC8P"
"8",102401851,102421851,20001,"*","SRR19127177",-5.76140610657629,8.34160631961817e-09,0.000531293493945442,"Post_chemo",""
"8",102401851,102421851,20001,"*","SRR19127177",-5.76140610657629,8.34160631961817e-09,0.000531293493945442,"Post_chemo",""
"16",2160176,2180176,20001,"*","SRR19127177",-4.70441732795115,2.54592002979244e-06,0.0274947701261318,"Post_chemo","TRAF7"
"16",2160176,2180176,20001,"*","SRR19127177",-4.70441732795115,2.54592002979244e-06,0.0274947701261318,"Post_chemo","CASKIN1"
"17",17800281,17820281,20001,"*","SRR19127177",-5.49658822044099,3.87209427020892e-08,0.00170568707622014,"Post_chemo","RAI1"
"17",17800281,17820281,20001,"*","SRR19127177",-5.49658822044099,3.87209427020892e-08,0.00170568707622014,"Post_chemo","SREBF1"
"17",17800281,17820281,20001,"*","SRR19127177",-5.49658822044099,3.87209427020892e-08,0.00170568707622014,"Post_chemo","MIR6777"
"17",17800281,17820281,20001,"*","SRR19127177",-5.49658822044099,3.87209427020892e-08,0.00170568707622014,"Post_chemo","MIR33B"
"8",38093753,38113753,20001,"*","SRR19127177",-4.57287991185442,4.8106588250167e-06,0.0406570828935974,"Post_chemo",""
"8",38093753,38113753,20001,"*","SRR19127177",-4.57287991185442,4.8106588250167e-06,0.0406570828935974,"Post_chemo",""
"8",38093753,38113753,20001,"*","SRR19127177",-4.57287991185442,4.8106588250167e-06,0.0406570828935974,"Post_chemo","ASH2L"
"8",38093753,38113753,20001,"*","SRR19127177",-4.57287991185442,4.8106588250167e-06,0.0406570828935974,"Post_chemo",""
"11",66833546,66853546,20001,"*","SRR19127177",-4.58720035768436,4.49229514679339e-06,0.0391655370977954,"Post_chemo","RCE1"
"11",66833546,66853546,20001,"*","SRR19127177",-4.58720035768436,4.49229514679339e-06,0.0391655370977954,"Post_chemo","PC"
"11",66833546,66853546,20001,"*","SRR19127177",-4.58720035768436,4.49229514679339e-06,0.0391655370977954,"Post_chemo","TOP6BL"
"20",62753105,62773105,20001,"*","SRR19127177",-4.57471736812628,4.76863288016386e-06,0.0406570828935974,"Post_chemo","NTSR1"
"20",62753105,62773105,20001,"*","SRR19127177",-4.57471736812628,4.76863288016386e-06,0.0406570828935974,"Post_chemo","LINC00659"
"20",62753105,62773105,20001,"*","SRR19127177",-4.57471736812628,4.76863288016386e-06,0.0406570828935974,"Post_chemo",""
"7",4151043,4171043,20001,"*","SRR19127177",-6.36701488921537,1.9274247152277e-10,3.76099444621236e-05,"Post_chemo","SDK1"
"13",113646271,113666271,20001,"*","SRR19127177",-4.84678366749016,1.25479125203362e-06,0.0159738056852369,"Post_chemo","ATP4B"
"17",7436910,7456910,20001,"*","SRR19127177",-4.55091634142715,5.34127837926589e-06,0.0444821929160506,"Post_chemo",""
"17",7436910,7456910,20001,"*","SRR19127177",-4.55091634142715,5.34127837926589e-06,0.0444821929160506,"Post_chemo","TMEM102"
"17",7436910,7456910,20001,"*","SRR19127177",-4.55091634142715,5.34127837926589e-06,0.0444821929160506,"Post_chemo","FGF11"
"17",7436910,7456910,20001,"*","SRR19127177",-4.55091634142715,5.34127837926589e-06,0.0444821929160506,"Post_chemo",""
"17",7436910,7456910,20001,"*","SRR19127177",-4.55091634142715,5.34127837926589e-06,0.0444821929160506,"Post_chemo",""
"17",7436910,7456910,20001,"*","SRR19127177",-4.55091634142715,5.34127837926589e-06,0.0444821929160506,"Post_chemo","CHRNB1"
"17",7436910,7456910,20001,"*","SRR19127177",-4.55091634142715,5.34127837926589e-06,0.0444821929160506,"Post_chemo",""
"17",7436910,7456910,20001,"*","SRR19127177",-4.55091634142715,5.34127837926589e-06,0.0444821929160506,"Post_chemo",""
"22",21642423,21662423,20001,"*","SRR19127178",-4.69229218340262,2.70160911151035e-06,0.0282643864901338,"Post_chemo","SDF2L1"
"22",21642423,21662423,20001,"*","SRR19127178",-4.69229218340262,2.70160911151035e-06,0.0282643864901338,"Post_chemo","MIR301B"
"22",21642423,21662423,20001,"*","SRR19127178",-4.69229218340262,2.70160911151035e-06,0.0282643864901338,"Post_chemo","MIR130B"
"22",21642423,21662423,20001,"*","SRR19127178",-4.69229218340262,2.70160911151035e-06,0.0282643864901338,"Post_chemo",""
"22",21642423,21662423,20001,"*","SRR19127178",-4.69229218340262,2.70160911151035e-06,0.0282643864901338,"Post_chemo",""
"22",21642423,21662423,20001,"*","SRR19127178",-4.69229218340262,2.70160911151035e-06,0.0282643864901338,"Post_chemo",""
"22",21642423,21662423,20001,"*","SRR19127178",-4.69229218340262,2.70160911151035e-06,0.0282643864901338,"Post_chemo",""
"22",21642423,21662423,20001,"*","SRR19127178",-4.69229218340262,2.70160911151035e-06,0.0282643864901338,"Post_chemo",""
"22",21642423,21662423,20001,"*","SRR19127178",-4.69229218340262,2.70160911151035e-06,0.0282643864901338,"Post_chemo",""
"22",21642423,21662423,20001,"*","SRR19127178",-4.69229218340262,2.70160911151035e-06,0.0282643864901338,"Post_chemo",""
"3",86981337,87001337,20001,"*","SRR19127178",-5.90495471666371,3.52743628107001e-09,0.000281175137454059,"Post_chemo","VGLL3"
"3",86981337,87001337,20001,"*","SRR19127178",-5.90495471666371,3.52743628107001e-09,0.000281175137454059,"Post_chemo","LINC00506"
"11",126542651,126562651,20001,"*","SRR19127178",-5.28394454662103,1.26431536445887e-07,0.00348541890011805,"Post_chemo","KIRREL3"
"11",126542651,126562651,20001,"*","SRR19127178",-5.28394454662103,1.26431536445887e-07,0.00348541890011805,"Post_chemo","KIRREL3-AS1"
"11",69316783,69336783,20001,"*","SRR19127178",-5.94432780734826,2.77593596693827e-09,0.000273336453953001,"Post_chemo","MYEOV"
"11",69316783,69336783,20001,"*","SRR19127178",-5.94432780734826,2.77593596693827e-09,0.000273336453953001,"Post_chemo",""
"11",64231839,64251839,20001,"*","SRR19127178",-5.30035949520272,1.15574880923552e-07,0.00348541890011805,"Post_chemo","PPP1R14B"
"11",64231839,64251839,20001,"*","SRR19127178",-5.30035949520272,1.15574880923552e-07,0.00348541890011805,"Post_chemo","FKBP2"
"11",64231839,64251839,20001,"*","SRR19127178",-5.30035949520272,1.15574880923552e-07,0.00348541890011805,"Post_chemo",""
"11",64231839,64251839,20001,"*","SRR19127178",-5.30035949520272,1.15574880923552e-07,0.00348541890011805,"Post_chemo","PLCB3"
"11",64231839,64251839,20001,"*","SRR19127178",-5.30035949520272,1.15574880923552e-07,0.00348541890011805,"Post_chemo","VEGFB"
"11",64231839,64251839,20001,"*","SRR19127178",-5.30035949520272,1.15574880923552e-07,0.00348541890011805,"Post_chemo","DNAJC4"
"11",64231839,64251839,20001,"*","SRR19127178",-5.30035949520272,1.15574880923552e-07,0.00348541890011805,"Post_chemo",""
"11",64231839,64251839,20001,"*","SRR19127178",-5.30035949520272,1.15574880923552e-07,0.00348541890011805,"Post_chemo",""
"11",64231839,64251839,20001,"*","SRR19127178",-5.30035949520272,1.15574880923552e-07,0.00348541890011805,"Post_chemo","PPP1R14B-AS1"
"11",64231839,64251839,20001,"*","SRR19127178",-5.30035949520272,1.15574880923552e-07,0.00348541890011805,"Post_chemo",""
"7",98162211,98182211,20001,"*","SRR19127178",-4.65184235712934,3.28982538745157e-06,0.0318319891386787,"Post_chemo","LMTK2"
"15",62154147,62174147,20001,"*","SRR19127178",-5.36254662452921,8.20567787457099e-08,0.00292249407636228,"Post_chemo","C2CD4B"
"15",62154147,62174147,20001,"*","SRR19127178",-5.36254662452921,8.20567787457099e-08,0.00292249407636228,"Post_chemo",""
"15",62154147,62174147,20001,"*","SRR19127178",-5.36254662452921,8.20567787457099e-08,0.00292249407636228,"Post_chemo",""
"15",62154147,62174147,20001,"*","SRR19127178",-5.36254662452921,8.20567787457099e-08,0.00292249407636228,"Post_chemo",""
"7",2372419,2392419,20001,"*","SRR19127178",-6.32744688004239,2.49250733048433e-10,4.1722803032103e-05,"Post_chemo","EIF3B"
"7",2372419,2392419,20001,"*","SRR19127178",-6.32744688004239,2.49250733048433e-10,4.1722803032103e-05,"Post_chemo","KIF19BP"
"7",2372419,2392419,20001,"*","SRR19127178",-6.32744688004239,2.49250733048433e-10,4.1722803032103e-05,"Post_chemo",""
"1",200961614,200981614,20001,"*","SRR19127178",-5.92162180231842,3.1878206640994e-09,0.00028085186612817,"Post_chemo","KIF21B"
"1",200961614,200981614,20001,"*","SRR19127178",-5.92162180231842,3.1878206640994e-09,0.00028085186612817,"Post_chemo","MROH3P"
"1",200961614,200981614,20001,"*","SRR19127178",-5.92162180231842,3.1878206640994e-09,0.00028085186612817,"Post_chemo",""
"7",159134576,159154576,20001,"*","SRR19127178",-5.63521294589937,1.74842153141299e-08,0.000836209573044746,"Post_chemo","VIPR2"
"22",19140350,19160350,20001,"*","SRR19127178",-5.3063604365813,1.11835714162059e-07,0.00348541890011805,"Post_chemo","ESS2"
"22",19140350,19160350,20001,"*","SRR19127178",-5.3063604365813,1.11835714162059e-07,0.00348541890011805,"Post_chemo","GSC2"
"17",18974429,18994429,20001,"*","SRR19127178",-5.04654088551805,4.49880656292868e-07,0.0076067502738148,"Post_chemo","SLC5A10"
"17",18974429,18994429,20001,"*","SRR19127178",-5.04654088551805,4.49880656292868e-07,0.0076067502738148,"Post_chemo","FAM83G"
"17",18974429,18994429,20001,"*","SRR19127178",-5.04654088551805,4.49880656292868e-07,0.0076067502738148,"Post_chemo",""
"17",49900437,49920437,20001,"*","SRR19127178",-5.4316362293162,5.58396631711004e-08,0.00222551503648421,"Post_chemo",""
"10",129784865,129804865,20001,"*","SRR19127178",-4.60738849699087,4.07757732289886e-06,0.0361141530716549,"Post_chemo","LINC02666"
"4",13633665,13653665,20001,"*","SRR19127178",-5.77670975811972,7.61755213416737e-09,0.000510049657055786,"Post_chemo","RPL32P12"
"7",51636688,51656688,20001,"*","SRR19127178",-5.14204427983878,2.71765042540588e-07,0.00568644232368655,"Post_chemo",""
"7",51636688,51656688,20001,"*","SRR19127178",-5.14204427983878,2.71765042540588e-07,0.00568644232368655,"Post_chemo",""
"4",1335756,1355756,20001,"*","SRR19127178",-5.84937274096296,4.93430228994373e-09,0.000375439622631965,"Post_chemo","MAEA"
"4",1335756,1355756,20001,"*","SRR19127178",-5.84937274096296,4.93430228994373e-09,0.000375439622631965,"Post_chemo","UVSSA"
"8",39968416,39988416,20001,"*","SRR19127178",-5.10314404080098,3.34056542519305e-07,0.0063543969791227,"Post_chemo","IDO2"
"8",39968416,39988416,20001,"*","SRR19127178",-5.10314404080098,3.34056542519305e-07,0.0063543969791227,"Post_chemo",""
"10",15710048,15730048,20001,"*","SRR19127178",-4.73303204223099,2.21190554731975e-06,0.0253544213660516,"Post_chemo","ITGA8"
"17",50096920,50116920,20001,"*","SRR19127178",-4.57381404398246,4.78924939985576e-06,0.0406570828935974,"Post_chemo","PDK2"
"17",50096920,50116920,20001,"*","SRR19127178",-4.57381404398246,4.78924939985576e-06,0.0406570828935974,"Post_chemo","SAMD14"
"17",50096920,50116920,20001,"*","SRR19127178",-4.57381404398246,4.78924939985576e-06,0.0406570828935974,"Post_chemo",""
"17",50096920,50116920,20001,"*","SRR19127178",-4.57381404398246,4.78924939985576e-06,0.0406570828935974,"Post_chemo",""
"7",2506525,2526525,20001,"*","SRR19127178",-4.57699731681088,4.71697507759034e-06,0.0406570828935974,"Post_chemo","LFNG"
"10",35327357,35347357,20001,"*","SRR19127178",-4.76721758773071,1.86787551052491e-06,0.0221751133720386,"Post_chemo","CCNY"
"10",35327357,35347357,20001,"*","SRR19127178",-4.76721758773071,1.86787551052491e-06,0.0221751133720386,"Post_chemo","CCNY-AS1"
"2",85123963,85143963,20001,"*","SRR19127178",-5.75685366902215,8.56961336862372e-09,0.000531293493945442,"Post_chemo","TCF7L1"
"2",85123963,85143963,20001,"*","SRR19127178",-5.75685366902215,8.56961336862372e-09,0.000531293493945442,"Post_chemo",""
"11",65858653,65878653,20001,"*","SRR19127178",-4.75539997274089,1.9805390514407e-06,0.0233470546045005,"Post_chemo","EFEMP2"
"11",65858653,65878653,20001,"*","SRR19127178",-4.75539997274089,1.9805390514407e-06,0.0233470546045005,"Post_chemo","CFL1"
"11",65858653,65878653,20001,"*","SRR19127178",-4.75539997274089,1.9805390514407e-06,0.0233470546045005,"Post_chemo","MUS81"
"8",109061336,109081336,20001,"*","SRR19127178",-5.11702376980036,3.10394517422004e-07,0.00597216533509997,"Post_chemo",""
"4",2048815,2068815,20001,"*","SRR19127178",-4.96323372437762,6.93290683040122e-07,0.0104551295474835,"Post_chemo","NAT8L"
"4",2048815,2068815,20001,"*","SRR19127178",-4.96323372437762,6.93290683040122e-07,0.0104551295474835,"Post_chemo",""
"20",47745616,47765616,20001,"*","SRR19127178",-4.78535643040195,1.70684158448957e-06,0.0205737366214242,"Post_chemo","SULF2"
"9",96486743,96506743,20001,"*","SRR19127178",-4.64527173057008,3.39629122696278e-06,0.0322409655815002,"Post_chemo","HABP4"
"9",96486743,96506743,20001,"*","SRR19127178",-4.64527173057008,3.39629122696278e-06,0.0322409655815002,"Post_chemo","CDC14B"
"16",57792223,57812223,20001,"*","SRR19127178",-4.69566149341719,2.65745315406119e-06,0.0279772823944937,"Post_chemo","KIFC3"
"16",57792223,57812223,20001,"*","SRR19127178",-4.69566149341719,2.65745315406119e-06,0.0279772823944937,"Post_chemo",""
"16",67806623,67826623,20001,"*","SRR19127178",-4.6262111743471,3.72415592811538e-06,0.0336365939461685,"Post_chemo","TSNAXIP1"
"7",1279502,1299502,20001,"*","SRR19127178",-5.08004530462317,3.77344867996878e-07,0.00694119250045215,"Post_chemo",""
"7",1279502,1299502,20001,"*","SRR19127178",-5.08004530462317,3.77344867996878e-07,0.00694119250045215,"Post_chemo",""
"19",48151269,48171269,20001,"*","SRR19127178",-4.5790672837027,4.67053951920341e-06,0.0405085572375163,"Post_chemo","ZSWIM9"
"19",48151269,48171269,20001,"*","SRR19127178",-4.5790672837027,4.67053951920341e-06,0.0405085572375163,"Post_chemo","LIG1"
"7",2506403,2526403,20001,"*","SRR19127178",-5.07097521618448,3.95782317419566e-07,0.00700443415403929,"Post_chemo","LFNG"
"22",23057007,23077007,20001,"*","SRR19127178",-4.92944697529408,8.24627127379588e-07,0.0122156394929857,"Post_chemo","RSPH14"
"22",23057007,23077007,20001,"*","SRR19127178",-4.92944697529408,8.24627127379588e-07,0.0122156394929857,"Post_chemo","GNAZ"
"10",98124931,98144931,20001,"*","SRR19127178",-4.9040854373324,9.38636311006601e-07,0.0133153435715845,"Post_chemo","R3HCC1L"
"6",3915727,3935727,20001,"*","SRR19127178",-4.74391665010293,2.09625128891854e-06,0.0245382924741827,"Post_chemo",""
"6",3915727,3935727,20001,"*","SRR19127178",-4.74391665010293,2.09625128891854e-06,0.0245382924741827,"Post_chemo",""
"3",49302416,49322416,20001,"*","SRR19127178",-6.30558172583576,2.87113452662383e-10,4.369159406379e-05,"Post_chemo","USP4"
"11",68030872,68050872,20001,"*","SRR19127178",-4.89790222103889,9.68652119440105e-07,0.0135525767025661,"Post_chemo","NDUFS8"
"11",68030872,68050872,20001,"*","SRR19127178",-4.89790222103889,9.68652119440105e-07,0.0135525767025661,"Post_chemo","MIR7113"
"11",68030872,68050872,20001,"*","SRR19127178",-4.89790222103889,9.68652119440105e-07,0.0135525767025661,"Post_chemo","MIR4691"
"11",68030872,68050872,20001,"*","SRR19127178",-4.89790222103889,9.68652119440105e-07,0.0135525767025661,"Post_chemo","MIR6753"
"11",68030872,68050872,20001,"*","SRR19127178",-4.89790222103889,9.68652119440105e-07,0.0135525767025661,"Post_chemo","TCIRG1"
"11",68030872,68050872,20001,"*","SRR19127178",-4.89790222103889,9.68652119440105e-07,0.0135525767025661,"Post_chemo",""
"11",68030872,68050872,20001,"*","SRR19127178",-4.89790222103889,9.68652119440105e-07,0.0135525767025661,"Post_chemo",""
"1",93845930,93865930,20001,"*","SRR19127182",-4.6997630413998,2.60463535915646e-06,0.0275947763425153,"Post_chemo","BCAR3"
"1",93845930,93865930,20001,"*","SRR19127182",-4.6997630413998,2.60463535915646e-06,0.0275947763425153,"Post_chemo",""
"1",93845930,93865930,20001,"*","SRR19127182",-4.6997630413998,2.60463535915646e-06,0.0275947763425153,"Post_chemo","MIR760"
"1",93845930,93865930,20001,"*","SRR19127182",-4.6997630413998,2.60463535915646e-06,0.0275947763425153,"Post_chemo",""
"12",162061,182061,20001,"*","SRR19127182",-5.29764558512457,1.17305369847526e-07,0.00348541890011805,"Post_chemo","IQSEC3"
"12",162061,182061,20001,"*","SRR19127182",-5.29764558512457,1.17305369847526e-07,0.00348541890011805,"Post_chemo","IQSEC3-AS1"
"4",2048814,2068814,20001,"*","SRR19127182",-4.96323372437762,6.93290683040122e-07,0.0104551295474835,"Post_chemo","NAT8L"
"4",2048814,2068814,20001,"*","SRR19127182",-4.96323372437762,6.93290683040122e-07,0.0104551295474835,"Post_chemo",""
"7",98162209,98182209,20001,"*","SRR19127182",-4.65184235712934,3.28982538745157e-06,0.0318319891386787,"Post_chemo","LMTK2"
"8",30554849,30574849,20001,"*","SRR19127182",-4.53627116753721,5.72575520009561e-06,0.046951691036251,"Post_chemo","RBPMS"
"4",31159795,31179795,20001,"*","SRR19127182",-5.67357175246243,1.39850484187705e-08,0.000755160584341422,"Post_chemo","LINC02497"
"12",6511615,6531615,20001,"*","SRR19127182",-5.26414529035138,1.40843038349539e-07,0.00369142264791661,"Post_chemo","NCAPD2"
"12",6511615,6531615,20001,"*","SRR19127182",-5.26414529035138,1.40843038349539e-07,0.00369142264791661,"Post_chemo","GAPDH-DT"
"13",31836828,31856828,20001,"*","SRR19127182",-5.2434518598808,1.57599942282758e-07,0.00382334947515123,"Post_chemo",""
"13",31836828,31856828,20001,"*","SRR19127182",-5.2434518598808,1.57599942282758e-07,0.00382334947515123,"Post_chemo","FRY"
"5",133023712,133043712,20001,"*","SRR19127182",-4.74139412711889,2.12252567157334e-06,0.0246495039525983,"Post_chemo",""
"5",133023712,133043712,20001,"*","SRR19127182",-4.74139412711889,2.12252567157334e-06,0.0246495039525983,"Post_chemo","ZCCHC10"
"5",133023712,133043712,20001,"*","SRR19127182",-4.74139412711889,2.12252567157334e-06,0.0246495039525983,"Post_chemo","AFF4-DT"
"10",104025336,104045336,20001,"*","SRR19127182",-6.27264708382946,3.54960865422398e-10,4.95149405413041e-05,"Post_chemo","SLK"
"10",104025336,104045336,20001,"*","SRR19127182",-6.27264708382946,3.54960865422398e-10,4.95149405413041e-05,"Post_chemo","COL17A1"
"8",37786690,37806690,20001,"*","SRR19127182",-5.41218423331148,6.2260582273651e-08,0.00236863168692614,"Post_chemo","ADGRA2"
"8",37786690,37806690,20001,"*","SRR19127182",-5.41218423331148,6.2260582273651e-08,0.00236863168692614,"Post_chemo",""
"8",37786690,37806690,20001,"*","SRR19127182",-5.41218423331148,6.2260582273651e-08,0.00236863168692614,"Post_chemo",""
"6",159159718,159179718,20001,"*","SRR19127182",-4.91919786837945,8.68995898733185e-07,0.0126490211806134,"Post_chemo","FNDC1"
"6",159159718,159179718,20001,"*","SRR19127182",-4.91919786837945,8.68995898733185e-07,0.0126490211806134,"Post_chemo","FNDC1-AS1"
"22",19140349,19160349,20001,"*","SRR19127182",-5.3063604365813,1.11835714162059e-07,0.00348541890011805,"Post_chemo","ESS2"
"22",19140349,19160349,20001,"*","SRR19127182",-5.3063604365813,1.11835714162059e-07,0.00348541890011805,"Post_chemo","GSC2"
"11",63990963,64010963,20001,"*","SRR19127182",-4.78517249936537,1.70840542841301e-06,0.0205737366214242,"Post_chemo","MACROD1"
"11",63990963,64010963,20001,"*","SRR19127182",-4.78517249936537,1.70840542841301e-06,0.0205737366214242,"Post_chemo","OTUB1"
"1",16698227,16718227,20001,"*","SRR19127182",-5.1332386479381,2.84798410703782e-07,0.00574376287748157,"Post_chemo",""
"1",16698227,16718227,20001,"*","SRR19127182",-5.1332386479381,2.84798410703782e-07,0.00574376287748157,"Post_chemo","ESPNP"
"1",16698227,16718227,20001,"*","SRR19127182",-5.1332386479381,2.84798410703782e-07,0.00574376287748157,"Post_chemo",""
"17",74812255,74832255,20001,"*","SRR19127182",-4.7164191174713,2.40031725164986e-06,0.0264856304664963,"Post_chemo","TMEM104"
"12",130152226,130172226,20001,"*","SRR19127182",-6.22890045011087,4.69720127430425e-10,5.70819996973077e-05,"Post_chemo","FZD10"
"12",130152226,130172226,20001,"*","SRR19127182",-6.22890045011087,4.69720127430425e-10,5.70819996973077e-05,"Post_chemo","FZD10-AS1"
"22",39641381,39661381,20001,"*","SRR19127182",-5.291950964119,1.21018344676534e-07,0.00348541890011805,"Post_chemo","CACNA1I"
"17",83042366,83062366,20001,"*","SRR19127182",-7.57495935930867,3.59240074026294e-14,6.01342377874761e-08,"Post_chemo","B3GNTL1"
"17",83042366,83062366,20001,"*","SRR19127182",-7.57495935930867,3.59240074026294e-14,6.01342377874761e-08,"Post_chemo",""
"17",83042366,83062366,20001,"*","SRR19127182",-7.57495935930867,3.59240074026294e-14,6.01342377874761e-08,"Post_chemo",""
"16",57616964,57636964,20001,"*","SRR19127182",-5.25179581515607,1.506233849648e-07,0.00374002426001119,"Post_chemo","ADGRG1"
"16",57616964,57636964,20001,"*","SRR19127182",-5.25179581515607,1.506233849648e-07,0.00374002426001119,"Post_chemo",""
"13",112433060,112453060,20001,"*","SRR19127182",-5.9114574072175,3.39093953028249e-09,0.000281175137454059,"Post_chemo","SPACA7"
"13",112433060,112453060,20001,"*","SRR19127182",-5.9114574072175,3.39093953028249e-09,0.000281175137454059,"Post_chemo",""
"7",2506402,2526402,20001,"*","SRR19127182",-5.6578595098877,1.53272516634968e-08,0.000777476698479563,"Post_chemo","LFNG"
"5",59486007,59506007,20001,"*","SRR19127182",-5.77838070018611,7.54229946356177e-09,0.000510049657055786,"Post_chemo","PDE4D"
"2",85123962,85143962,20001,"*","SRR19127182",-5.62402459674209,1.86559069104648e-08,0.000867462877742426,"Post_chemo","TCF7L1"
"2",85123962,85143962,20001,"*","SRR19127182",-5.62402459674209,1.86559069104648e-08,0.000867462877742426,"Post_chemo",""
"5",171409123,171429123,20001,"*","SRR19127182",-4.99510337113519,5.88042610586077e-07,0.00919945401024057,"Post_chemo","FGF18"
"5",171409123,171429123,20001,"*","SRR19127182",-4.99510337113519,5.88042610586077e-07,0.00919945401024057,"Post_chemo","NPM1"
"17",81300233,81320233,20001,"*","SRR19127182",-4.86333464006186,1.15424458263146e-06,0.0153343133330135,"Post_chemo","LINC00482"
"17",81300233,81320233,20001,"*","SRR19127182",-4.86333464006186,1.15424458263146e-06,0.0153343133330135,"Post_chemo","TMEM105"
"5",137121535,137141535,20001,"*","SRR19127182",-4.63070672455025,3.64419738068889e-06,0.0336365939461685,"Post_chemo","SPOCK1"
"5",137121535,137141535,20001,"*","SRR19127182",-4.63070672455025,3.64419738068889e-06,0.0336365939461685,"Post_chemo",""
"1",3163345,3183345,20001,"*","SRR19127182",-6.22635602164281,4.77408537496099e-10,5.70819996973077e-05,"Post_chemo","PRDM16"
"1",3163345,3183345,20001,"*","SRR19127182",-6.22635602164281,4.77408537496099e-10,5.70819996973077e-05,"Post_chemo",""
"10",129784864,129804864,20001,"*","SRR19127182",-4.60738849699087,4.07757732289886e-06,0.0361141530716549,"Post_chemo","LINC02666"
"5",180197402,180217402,20001,"*","SRR19127182",-4.83014943418012,1.3643062054947e-06,0.0171710655808837,"Post_chemo","RASGEF1C"
"5",180197402,180217402,20001,"*","SRR19127182",-4.83014943418012,1.3643062054947e-06,0.0171710655808837,"Post_chemo",""
"8",109061335,109081335,20001,"*","SRR19127182",-5.11702376980036,3.10394517422004e-07,0.00597216533509997,"Post_chemo",""
"8",21612953,21632953,20001,"*","SRR19127182",-5.2731962136774,1.34068091170218e-07,0.0036196849320076,"Post_chemo",""
"1",10022642,10042642,20001,"*","SRR19127197",-5.65800752687891,1.53140421081577e-08,0.000777476698479563,"Pre_chemo","UBE4B"
"20",64053630,64073630,20001,"*","SRR19127197",-4.74018773160196,2.13520291071291e-06,0.0246495039525983,"Pre_chemo","TCEA2"
"20",64053630,64073630,20001,"*","SRR19127197",-4.74018773160196,2.13520291071291e-06,0.0246495039525983,"Pre_chemo",""
"20",64053630,64073630,20001,"*","SRR19127197",-4.74018773160196,2.13520291071291e-06,0.0246495039525983,"Pre_chemo","RGS19"
"22",19140310,19160310,20001,"*","SRR19127197",-4.65474600437589,3.24380333363354e-06,0.0318319891386787,"Pre_chemo","ESS2"
"22",19140310,19160310,20001,"*","SRR19127197",-4.65474600437589,3.24380333363354e-06,0.0318319891386787,"Pre_chemo","GSC2"
"13",112524695,112544695,20001,"*","SRR19127197",-5.00450170246232,5.60067170755047e-07,0.00919130077524338,"Pre_chemo","TUBGCP3"
"7",3169387,3189387,20001,"*","SRR19127197",-4.62764571544282,3.69845999994703e-06,0.0336365939461685,"Pre_chemo",""
"1",16698226,16718226,20001,"*","SRR19127197",-5.1332386479381,2.84798410703782e-07,0.00574376287748157,"Pre_chemo",""
"1",16698226,16718226,20001,"*","SRR19127197",-5.1332386479381,2.84798410703782e-07,0.00574376287748157,"Pre_chemo","ESPNP"
"1",16698226,16718226,20001,"*","SRR19127197",-5.1332386479381,2.84798410703782e-07,0.00574376287748157,"Pre_chemo",""
"17",45122808,45142808,20001,"*","SRR19127197",-5.14526486501528,2.67143622149195e-07,0.00566049944658962,"Pre_chemo","PLCD3"
"17",45122808,45142808,20001,"*","SRR19127197",-5.14526486501528,2.67143622149195e-07,0.00566049944658962,"Pre_chemo","ACBD4"
"3",134303295,134323295,20001,"*","SRR19127197",-5.14565280818614,2.66592087365639e-07,0.00566049944658962,"Pre_chemo","LINC02004"
"3",134303295,134323295,20001,"*","SRR19127197",-5.14565280818614,2.66592087365639e-07,0.00566049944658962,"Pre_chemo",""
"8",30554848,30574848,20001,"*","SRR19127197",-4.53627116753721,5.72575520009561e-06,0.046951691036251,"Pre_chemo","RBPMS"
"15",90984162,91004162,20001,"*","SRR19127197",-4.54671566127306,5.44895329301725e-06,0.0451542620635004,"Pre_chemo","PRC1"
"15",90984162,91004162,20001,"*","SRR19127197",-4.54671566127306,5.44895329301725e-06,0.0451542620635004,"Pre_chemo",""
"15",90984162,91004162,20001,"*","SRR19127197",-4.54671566127306,5.44895329301725e-06,0.0451542620635004,"Pre_chemo","VPS33B"
"15",90984162,91004162,20001,"*","SRR19127197",-4.54671566127306,5.44895329301725e-06,0.0451542620635004,"Pre_chemo","PRC1-AS1"
"15",90984162,91004162,20001,"*","SRR19127197",-4.54671566127306,5.44895329301725e-06,0.0451542620635004,"Pre_chemo","VPS33B-DT"
"17",8285730,8305730,20001,"*","SRR19127197",-4.68565385676178,2.79067564585342e-06,0.0284841030072425,"Pre_chemo","SLC25A35"
"17",8285730,8305730,20001,"*","SRR19127197",-4.68565385676178,2.79067564585342e-06,0.0284841030072425,"Pre_chemo","RANGRF"
"17",8285730,8305730,20001,"*","SRR19127197",-4.68565385676178,2.79067564585342e-06,0.0284841030072425,"Pre_chemo",""
"17",8285730,8305730,20001,"*","SRR19127197",-4.68565385676178,2.79067564585342e-06,0.0284841030072425,"Pre_chemo",""
"5",171409122,171429122,20001,"*","SRR19127197",-4.99510337113519,5.88042610586077e-07,0.00919945401024057,"Pre_chemo","FGF18"
"5",171409122,171429122,20001,"*","SRR19127197",-4.99510337113519,5.88042610586077e-07,0.00919945401024057,"Pre_chemo","NPM1"
"19",44869045,44889045,20001,"*","SRR19127197",-4.98200831735067,6.29277294357717e-07,0.00966390378043044,"Pre_chemo","NECTIN2"
"19",44869045,44889045,20001,"*","SRR19127197",-4.98200831735067,6.29277294357717e-07,0.00966390378043044,"Pre_chemo",""
"20",49557799,49577799,20001,"*","SRR19127197",-4.53537939231878,5.75000293467133e-06,0.046951691036251,"Pre_chemo","PTGIS"
"20",49557799,49577799,20001,"*","SRR19127197",-4.53537939231878,5.75000293467133e-06,0.046951691036251,"Pre_chemo",""
"20",49557799,49577799,20001,"*","SRR19127197",-4.53537939231878,5.75000293467133e-06,0.046951691036251,"Pre_chemo",""
"13",102763686,102783686,20001,"*","SRR19127197",-4.86416236449374,1.14942532395996e-06,0.0153343133330135,"Pre_chemo","TEX30"
"13",102763686,102783686,20001,"*","SRR19127197",-4.86416236449374,1.14942532395996e-06,0.0153343133330135,"Pre_chemo",""
"12",2939898,2959898,20001,"*","SRR19127197",-4.70832609936512,2.49759312579853e-06,0.0271480101524338,"Pre_chemo","TULP3"
"12",2939898,2959898,20001,"*","SRR19127197",-4.70832609936512,2.49759312579853e-06,0.0271480101524338,"Pre_chemo","RNU6-1315P"
"12",2939898,2959898,20001,"*","SRR19127197",-4.70832609936512,2.49759312579853e-06,0.0271480101524338,"Pre_chemo","TEAD4"
"12",2939898,2959898,20001,"*","SRR19127197",-4.70832609936512,2.49759312579853e-06,0.0271480101524338,"Pre_chemo",""
"3",97962563,97982563,20001,"*","SRR19127197",-5.68900413292456,1.27782376663792e-08,0.000725935611265896,"Pre_chemo",""
"3",97962563,97982563,20001,"*","SRR19127197",-5.68900413292456,1.27782376663792e-08,0.000725935611265896,"Pre_chemo","RIOX2"
"11",65530238,65550238,20001,"*","SRR19127197",-4.68190647786526,2.84219150800467e-06,0.0284887831664835,"Pre_chemo","LTBP3"
"11",65530238,65550238,20001,"*","SRR19127197",-4.68190647786526,2.84219150800467e-06,0.0284887831664835,"Pre_chemo","SCYL1"
"1",93845928,93865928,20001,"*","SRR19127197",-4.6997630413998,2.60463535915646e-06,0.0275947763425153,"Pre_chemo","BCAR3"
"1",93845928,93865928,20001,"*","SRR19127197",-4.6997630413998,2.60463535915646e-06,0.0275947763425153,"Pre_chemo",""
"1",93845928,93865928,20001,"*","SRR19127197",-4.6997630413998,2.60463535915646e-06,0.0275947763425153,"Pre_chemo","MIR760"
"1",93845928,93865928,20001,"*","SRR19127197",-4.6997630413998,2.60463535915646e-06,0.0275947763425153,"Pre_chemo",""
"7",540549,560549,20001,"*","SRR19127197",-4.80092685933854,1.57932948121759e-06,0.0195828549567783,"Pre_chemo","PRKAR1B"
"2",85123961,85143961,20001,"*","SRR19127197",-4.79715100864008,1.60938272662644e-06,0.0196641782350297,"Pre_chemo","TCF7L1"
"2",85123961,85143961,20001,"*","SRR19127197",-4.79715100864008,1.60938272662644e-06,0.0196641782350297,"Pre_chemo",""
"17",43890759,43910759,20001,"*","SRR19127197",-5.44076795381045,5.30513791034025e-08,0.00222010604927949,"Pre_chemo","MPP2"
"8",21612952,21632952,20001,"*","SRR19127197",-5.33920137719558,9.33569029783897e-08,0.00325568390095235,"Pre_chemo",""
"19",17254168,17274168,20001,"*","SRR19127197",-5.63922401718322,1.70818190353543e-08,0.000836209573044746,"Pre_chemo","BABAM1"
"19",17254168,17274168,20001,"*","SRR19127197",-5.63922401718322,1.70818190353543e-08,0.000836209573044746,"Pre_chemo","USHBP1"
"19",17254168,17274168,20001,"*","SRR19127197",-5.63922401718322,1.70818190353543e-08,0.000836209573044746,"Pre_chemo",""
"19",17254168,17274168,20001,"*","SRR19127197",-5.63922401718322,1.70818190353543e-08,0.000836209573044746,"Pre_chemo",""
"1",76857733,76877733,20001,"*","SRR19127198",-4.88191239897692,1.05061929867684e-06,0.0144152632132362,"Pre_chemo","ST6GALNAC5"
"1",1335495,1355495,20001,"*","SRR19127198",-4.84601867113645,1.25963666944732e-06,0.0159738056852369,"Pre_chemo","DVL1"
"1",1335495,1355495,20001,"*","SRR19127198",-4.84601867113645,1.25963666944732e-06,0.0159738056852369,"Pre_chemo","MIR6808"
"1",1335495,1355495,20001,"*","SRR19127198",-4.84601867113645,1.25963666944732e-06,0.0159738056852369,"Pre_chemo","MXRA8"
"1",1335495,1355495,20001,"*","SRR19127198",-4.84601867113645,1.25963666944732e-06,0.0159738056852369,"Pre_chemo",""
"1",16698225,16718225,20001,"*","SRR19127198",-5.1332386479381,2.84798410703782e-07,0.00574376287748157,"Pre_chemo",""
"1",16698225,16718225,20001,"*","SRR19127198",-5.1332386479381,2.84798410703782e-07,0.00574376287748157,"Pre_chemo","ESPNP"
"1",16698225,16718225,20001,"*","SRR19127198",-5.1332386479381,2.84798410703782e-07,0.00574376287748157,"Pre_chemo",""
"2",203188975,203208975,20001,"*","SRR19127198",-4.94833023419299,7.48528352935815e-07,0.0111873510473348,"Pre_chemo","RPL12P16"
"2",203188975,203208975,20001,"*","SRR19127198",-4.94833023419299,7.48528352935815e-07,0.0111873510473348,"Pre_chemo","NBEAL1"
"2",203188975,203208975,20001,"*","SRR19127198",-4.94833023419299,7.48528352935815e-07,0.0111873510473348,"Pre_chemo",""
"11",13344359,13364359,20001,"*","SRR19127198",-5.26376393954835,1.41135645219518e-07,0.00369142264791661,"Pre_chemo","BMAL1"
"11",13344359,13364359,20001,"*","SRR19127198",-5.26376393954835,1.41135645219518e-07,0.00369142264791661,"Pre_chemo","RN7SKP151"
"17",45122807,45142807,20001,"*","SRR19127198",-5.14526486501528,2.67143622149195e-07,0.00566049944658962,"Pre_chemo","PLCD3"
"17",45122807,45142807,20001,"*","SRR19127198",-5.14526486501528,2.67143622149195e-07,0.00566049944658962,"Pre_chemo","ACBD4"
"19",46519432,46539432,20001,"*","SRR19127198",-4.71468645727639,2.42083234197742e-06,0.0264856304664963,"Pre_chemo",""
"19",46519432,46539432,20001,"*","SRR19127198",-4.71468645727639,2.42083234197742e-06,0.0264856304664963,"Pre_chemo","PPP5D1P"
"19",46519432,46539432,20001,"*","SRR19127198",-4.71468645727639,2.42083234197742e-06,0.0264856304664963,"Pre_chemo",""
"8",144993682,145013682,20001,"*","SRR19127198",-5.42563618707956,5.77484786446912e-08,0.00224806635137743,"Pre_chemo",""
"8",144993682,145013682,20001,"*","SRR19127198",-5.42563618707956,5.77484786446912e-08,0.00224806635137743,"Pre_chemo","TMED10P1"
"8",144993682,145013682,20001,"*","SRR19127198",-5.42563618707956,5.77484786446912e-08,0.00224806635137743,"Pre_chemo",""
"8",144993682,145013682,20001,"*","SRR19127198",-5.42563618707956,5.77484786446912e-08,0.00224806635137743,"Pre_chemo","ZNF252P"
"8",144993682,145013682,20001,"*","SRR19127198",-5.42563618707956,5.77484786446912e-08,0.00224806635137743,"Pre_chemo","ZNF252P-AS1"
"8",144993682,145013682,20001,"*","SRR19127198",-5.42563618707956,5.77484786446912e-08,0.00224806635137743,"Pre_chemo","ZNF252P"
"17",42666390,42686390,20001,"*","SRR19127198",-5.09100333714028,3.56173757563052e-07,0.00662455090915292,"Pre_chemo","TUBG2"
"17",42666390,42686390,20001,"*","SRR19127198",-5.09100333714028,3.56173757563052e-07,0.00662455090915292,"Pre_chemo","PLEKHH3"
"17",42666390,42686390,20001,"*","SRR19127198",-5.09100333714028,3.56173757563052e-07,0.00662455090915292,"Pre_chemo","CCR10"
"17",42666390,42686390,20001,"*","SRR19127198",-5.09100333714028,3.56173757563052e-07,0.00662455090915292,"Pre_chemo","CNTNAP1"
"17",42666390,42686390,20001,"*","SRR19127198",-5.09100333714028,3.56173757563052e-07,0.00662455090915292,"Pre_chemo",""
"17",42666390,42686390,20001,"*","SRR19127198",-5.09100333714028,3.56173757563052e-07,0.00662455090915292,"Pre_chemo",""
"4",2032440,2052440,20001,"*","SRR19127198",-4.64513176632714,3.39859466149436e-06,0.0322409655815002,"Pre_chemo","NELFA"
"4",2032440,2052440,20001,"*","SRR19127198",-4.64513176632714,3.39859466149436e-06,0.0322409655815002,"Pre_chemo","NICOL1"
"11",76199798,76219798,20001,"*","SRR19127198",-4.71612271695859,2.40381482690796e-06,0.0264856304664963,"Pre_chemo","WNT11"
"11",76199798,76219798,20001,"*","SRR19127198",-4.71612271695859,2.40381482690796e-06,0.0264856304664963,"Pre_chemo","LINC02761"
"1",201528730,201548730,20001,"*","SRR19127198",-5.1923659123897,2.07638405895852e-07,0.00463429265523783,"Pre_chemo","CSRP1-AS1"
"1",201528730,201548730,20001,"*","SRR19127198",-5.1923659123897,2.07638405895852e-07,0.00463429265523783,"Pre_chemo","NAV1"
"1",201528730,201548730,20001,"*","SRR19127198",-5.1923659123897,2.07638405895852e-07,0.00463429265523783,"Pre_chemo",""
"3",181068961,181088961,20001,"*","SRR19127198",-5.28701029191791,1.24331647033135e-07,0.00348541890011805,"Pre_chemo","SOX2-OT"
"3",181068961,181088961,20001,"*","SRR19127198",-5.28701029191791,1.24331647033135e-07,0.00348541890011805,"Pre_chemo",""
"17",17800282,17820282,20001,"*","SRR19127198",-4.99995929830439,5.73424180084186e-07,0.00919945401024057,"Pre_chemo","RAI1"
"17",17800282,17820282,20001,"*","SRR19127198",-4.99995929830439,5.73424180084186e-07,0.00919945401024057,"Pre_chemo","SREBF1"
"17",17800282,17820282,20001,"*","SRR19127198",-4.99995929830439,5.73424180084186e-07,0.00919945401024057,"Pre_chemo","MIR6777"
"17",17800282,17820282,20001,"*","SRR19127198",-4.99995929830439,5.73424180084186e-07,0.00919945401024057,"Pre_chemo","MIR33B"
"10",71269531,71289531,20001,"*","SRR19127198",-4.7817465929351,1.73778658037827e-06,0.0207780810907573,"Pre_chemo","UNC5B"
"7",3169385,3189385,20001,"*","SRR19127198",-4.62764571544282,3.69845999994703e-06,0.0336365939461685,"Pre_chemo",""
"8",102401852,102421852,20001,"*","SRR19127198",-5.1983667229962,2.01047194355419e-07,0.00454782066216449,"Pre_chemo","UBR5"
"8",102401852,102421852,20001,"*","SRR19127198",-5.1983667229962,2.01047194355419e-07,0.00454782066216449,"Pre_chemo","RNU6ATAC8P"
"8",102401852,102421852,20001,"*","SRR19127198",-5.1983667229962,2.01047194355419e-07,0.00454782066216449,"Pre_chemo",""
"8",102401852,102421852,20001,"*","SRR19127198",-5.1983667229962,2.01047194355419e-07,0.00454782066216449,"Pre_chemo",""
"5",179351532,179371532,20001,"*","SRR19127198",-4.67225391434193,2.97912347263061e-06,0.0296835784251017,"Pre_chemo",""
"10",124543405,124563405,20001,"*","SRR19127198",-7.1150764658262,1.11850806970728e-12,3.74460618923408e-07,"Pre_chemo","LHPP"
"20",36854017,36874017,20001,"*","SRR19127198",-4.62560162843147,3.73512602936895e-06,0.0336365939461685,"Pre_chemo","MTCL2"
"20",36854017,36874017,20001,"*","SRR19127198",-4.62560162843147,3.73512602936895e-06,0.0336365939461685,"Pre_chemo","RN7SL156P"
"20",36854017,36874017,20001,"*","SRR19127198",-4.62560162843147,3.73512602936895e-06,0.0336365939461685,"Pre_chemo",""
"5",83070455,83090455,20001,"*","SRR19127198",-6.02583455630974,1.68239214217133e-09,0.000187746999743514,"Pre_chemo","XRCC4"
"5",83070455,83090455,20001,"*","SRR19127198",-6.02583455630974,1.68239214217133e-09,0.000187746999743514,"Pre_chemo","TMEM167A"
"9",135329940,135349940,20001,"*","SRR19127198",-4.98277455404962,6.26789632072137e-07,0.00966390378043044,"Pre_chemo","LINC02907"
"7",3940969,3960969,20001,"*","SRR19127198",-4.922079551319,8.56293903856398e-07,0.0125734666507758,"Pre_chemo","SDK1"
"7",101397437,101417437,20001,"*","SRR19127198",-5.12571358065793,2.96412931098078e-07,0.00583734354517736,"Pre_chemo","COL26A1"
"12",38143938,38163938,20001,"*","SRR19127198",-4.70203193691697,2.57585197487971e-06,0.0275947763425153,"Pre_chemo",""
"12",38143938,38163938,20001,"*","SRR19127198",-4.70203193691697,2.57585197487971e-06,0.0275947763425153,"Pre_chemo","RNA5SP358"
"12",38143938,38163938,20001,"*","SRR19127198",-4.70203193691697,2.57585197487971e-06,0.0275947763425153,"Pre_chemo","RNA5SP359"
"12",38143938,38163938,20001,"*","SRR19127198",-4.70203193691697,2.57585197487971e-06,0.0275947763425153,"Pre_chemo",""
"12",38143938,38163938,20001,"*","SRR19127198",-4.70203193691697,2.57585197487971e-06,0.0275947763425153,"Pre_chemo",""
"12",38143938,38163938,20001,"*","SRR19127198",-4.70203193691697,2.57585197487971e-06,0.0275947763425153,"Pre_chemo",""
"11",69316784,69336784,20001,"*","SRR19127202",-5.94432780734826,2.77593596693827e-09,0.000273336453953001,"Pre_chemo","MYEOV"
"11",69316784,69336784,20001,"*","SRR19127202",-5.94432780734826,2.77593596693827e-09,0.000273336453953001,"Pre_chemo",""
"19",1599136,1619136,20001,"*","SRR19127202",-4.65336437374055,3.26562428147563e-06,0.0318319891386787,"Pre_chemo",""
"19",1599136,1619136,20001,"*","SRR19127202",-4.65336437374055,3.26562428147563e-06,0.0318319891386787,"Pre_chemo","UQCR11"
"19",1599136,1619136,20001,"*","SRR19127202",-4.65336437374055,3.26562428147563e-06,0.0318319891386787,"Pre_chemo","RNU6-1223P"
"19",1599136,1619136,20001,"*","SRR19127202",-4.65336437374055,3.26562428147563e-06,0.0318319891386787,"Pre_chemo","TCF3"
"1",6057078,6077078,20001,"*","SRR19127202",-4.86074639465836,1.16943989105838e-06,0.0154138531291296,"Pre_chemo","KCNAB2"
"17",49900438,49920438,20001,"*","SRR19127202",-5.4316362293162,5.58396631711004e-08,0.00222551503648421,"Pre_chemo",""
"11",1158180,1178180,20001,"*","SRR19127202",-4.57189225533538,4.83339466358841e-06,0.0406570828935974,"Pre_chemo","MUC5AC"
"7",55754377,55774377,20001,"*","SRR19127202",-5.0426547938229,4.59117080810503e-07,0.00768529395964044,"Pre_chemo","PSPHP1"
"7",55754377,55774377,20001,"*","SRR19127202",-5.0426547938229,4.59117080810503e-07,0.00768529395964044,"Pre_chemo",""
"17",44240704,44260704,20001,"*","SRR19127202",-4.59403891029916,4.34748260201237e-06,0.0381014513324815,"Pre_chemo","SLC4A1"
"17",18974430,18994430,20001,"*","SRR19127202",-5.04654088551805,4.49880656292868e-07,0.0076067502738148,"Pre_chemo","SLC5A10"
"17",18974430,18994430,20001,"*","SRR19127202",-5.04654088551805,4.49880656292868e-07,0.0076067502738148,"Pre_chemo","FAM83G"
"17",18974430,18994430,20001,"*","SRR19127202",-5.04654088551805,4.49880656292868e-07,0.0076067502738148,"Pre_chemo",""
"3",193993483,194013483,20001,"*","SRR19127202",-5.32750791807481,9.95694396802964e-08,0.00340147291009386,"Pre_chemo",""
"3",193993483,194013483,20001,"*","SRR19127202",-5.32750791807481,9.95694396802964e-08,0.00340147291009386,"Pre_chemo","LINC02028"
"3",193993483,194013483,20001,"*","SRR19127202",-5.32750791807481,9.95694396802964e-08,0.00340147291009386,"Pre_chemo","DPPA2P3"
"3",193993483,194013483,20001,"*","SRR19127202",-5.32750791807481,9.95694396802964e-08,0.00340147291009386,"Pre_chemo","LINC02026"
"17",81967937,81987937,20001,"*","SRR19127202",-5.21489942579746,1.83916994922477e-07,0.00433611255483925,"Pre_chemo","ASPSCR1"
"17",81967937,81987937,20001,"*","SRR19127202",-5.21489942579746,1.83916994922477e-07,0.00433611255483925,"Pre_chemo",""
"11",47385564,47405564,20001,"*","SRR19127202",-5.07014123745724,3.97520590558938e-07,0.00700443415403929,"Pre_chemo","MIR4487"
"11",47385564,47405564,20001,"*","SRR19127202",-5.07014123745724,3.97520590558938e-07,0.00700443415403929,"Pre_chemo","SPI1"
"11",47385564,47405564,20001,"*","SRR19127202",-5.07014123745724,3.97520590558938e-07,0.00700443415403929,"Pre_chemo","SLC39A13-AS1"
"11",47385564,47405564,20001,"*","SRR19127202",-5.07014123745724,3.97520590558938e-07,0.00700443415403929,"Pre_chemo",""
"1",3164855,3184855,20001,"*","SRR19127202",-4.68198141093213,2.84115250702472e-06,0.0284887831664835,"Pre_chemo","PRDM16"
"1",3164855,3184855,20001,"*","SRR19127202",-4.68198141093213,2.84115250702472e-06,0.0284887831664835,"Pre_chemo",""
"7",23464012,23484012,20001,"*","SRR19127202",-5.28310450823701,1.27012885795754e-07,0.00348541890011805,"Pre_chemo","IGF2BP3"
"7",23464012,23484012,20001,"*","SRR19127202",-5.28310450823701,1.27012885795754e-07,0.00348541890011805,"Pre_chemo",""
"7",23464012,23484012,20001,"*","SRR19127202",-5.28310450823701,1.27012885795754e-07,0.00348541890011805,"Pre_chemo",""
"7",23464012,23484012,20001,"*","SRR19127202",-5.28310450823701,1.27012885795754e-07,0.00348541890011805,"Pre_chemo",""
"3",49302418,49322418,20001,"*","SRR19127202",-5.38158440218543,7.38330704333358e-08,0.00268676777733486,"Pre_chemo","USP4"
"1",200961615,200981615,20001,"*","SRR19127202",-7.16687705066869,7.6727881058171e-13,3.21092563029558e-07,"Pre_chemo","KIF21B"
"1",200961615,200981615,20001,"*","SRR19127202",-7.16687705066869,7.6727881058171e-13,3.21092563029558e-07,"Pre_chemo","MROH3P"
"1",200961615,200981615,20001,"*","SRR19127202",-7.16687705066869,7.6727881058171e-13,3.21092563029558e-07,"Pre_chemo",""
"13",74125322,74145322,20001,"*","SRR19127202",-4.64449242411154,3.4091355773904e-06,0.0322409655815002,"Pre_chemo","KLF12"
"13",74125322,74145322,20001,"*","SRR19127202",-4.64449242411154,3.4091355773904e-06,0.0322409655815002,"Pre_chemo",""
"22",17769250,17789250,20001,"*","SRR19127202",-4.79727566203324,1.60838185316584e-06,0.0196641782350297,"Pre_chemo","MICAL3"
"22",17769250,17789250,20001,"*","SRR19127202",-4.79727566203324,1.60838185316584e-06,0.0196641782350297,"Pre_chemo",""
"22",17769250,17789250,20001,"*","SRR19127202",-4.79727566203324,1.60838185316584e-06,0.0196641782350297,"Pre_chemo","BID"
"22",17769250,17789250,20001,"*","SRR19127202",-4.79727566203324,1.60838185316584e-06,0.0196641782350297,"Pre_chemo","LINC00528"
"10",15710050,15730050,20001,"*","SRR19127202",-4.87522118066963,1.08686608572811e-06,0.0147913549594859,"Pre_chemo","ITGA8"
"13",113646270,113666270,20001,"*","SRR19127202",-4.84678366749016,1.25479125203362e-06,0.0159738056852369,"Pre_chemo","ATP4B"
"11",64231840,64251840,20001,"*","SRR19127202",-5.30035949520272,1.15574880923552e-07,0.00348541890011805,"Pre_chemo","PPP1R14B"
"11",64231840,64251840,20001,"*","SRR19127202",-5.30035949520272,1.15574880923552e-07,0.00348541890011805,"Pre_chemo","FKBP2"
"11",64231840,64251840,20001,"*","SRR19127202",-5.30035949520272,1.15574880923552e-07,0.00348541890011805,"Pre_chemo",""
"11",64231840,64251840,20001,"*","SRR19127202",-5.30035949520272,1.15574880923552e-07,0.00348541890011805,"Pre_chemo","PLCB3"
"11",64231840,64251840,20001,"*","SRR19127202",-5.30035949520272,1.15574880923552e-07,0.00348541890011805,"Pre_chemo","VEGFB"
"11",64231840,64251840,20001,"*","SRR19127202",-5.30035949520272,1.15574880923552e-07,0.00348541890011805,"Pre_chemo","DNAJC4"
"11",64231840,64251840,20001,"*","SRR19127202",-5.30035949520272,1.15574880923552e-07,0.00348541890011805,"Pre_chemo",""
"11",64231840,64251840,20001,"*","SRR19127202",-5.30035949520272,1.15574880923552e-07,0.00348541890011805,"Pre_chemo",""
"11",64231840,64251840,20001,"*","SRR19127202",-5.30035949520272,1.15574880923552e-07,0.00348541890011805,"Pre_chemo","PPP1R14B-AS1"
"11",64231840,64251840,20001,"*","SRR19127202",-5.30035949520272,1.15574880923552e-07,0.00348541890011805,"Pre_chemo",""
"22",23057008,23077008,20001,"*","SRR19127202",-5.48498505483789,4.13504374665873e-08,0.00177481272917967,"Pre_chemo","RSPH14"
"22",23057008,23077008,20001,"*","SRR19127202",-5.48498505483789,4.13504374665873e-08,0.00177481272917967,"Pre_chemo","GNAZ"
"12",53341984,53361984,20001,"*","SRR19127202",-5.60987827053997,2.02468980484647e-08,0.000915996481172122,"Pre_chemo","SP7"
"11",65858654,65878654,20001,"*","SRR19127202",-4.7151278972584,2.4155896698134e-06,0.0264856304664963,"Pre_chemo","EFEMP2"
"11",65858654,65878654,20001,"*","SRR19127202",-4.7151278972584,2.4155896698134e-06,0.0264856304664963,"Pre_chemo","CFL1"
"11",65858654,65878654,20001,"*","SRR19127202",-4.7151278972584,2.4155896698134e-06,0.0264856304664963,"Pre_chemo","MUS81"
"17",44200278,44220278,20001,"*","SRR19127202",-5.06144344803251,4.16094164548165e-07,0.00725533425799943,"Pre_chemo","MIR6782"
"17",44200278,44220278,20001,"*","SRR19127202",-5.06144344803251,4.16094164548165e-07,0.00725533425799943,"Pre_chemo","UBTF"
"17",44200278,44220278,20001,"*","SRR19127202",-5.06144344803251,4.16094164548165e-07,0.00725533425799943,"Pre_chemo","ATXN7L3-AS1"
"18",79393680,79413680,20001,"*","SRR19127202",-5.30565063399148,1.12271808806397e-07,0.00348541890011805,"Pre_chemo","NFATC1"
"18",79393680,79413680,20001,"*","SRR19127202",-5.30565063399148,1.12271808806397e-07,0.00348541890011805,"Pre_chemo",""
"18",79393680,79413680,20001,"*","SRR19127202",-5.30565063399148,1.12271808806397e-07,0.00348541890011805,"Pre_chemo",""
"4",1335757,1355757,20001,"*","SRR19127202",-4.6029940928205,4.1646004563885e-06,0.036690765670326,"Pre_chemo","MAEA"
"4",1335757,1355757,20001,"*","SRR19127202",-4.6029940928205,4.1646004563885e-06,0.036690765670326,"Pre_chemo","UVSSA"
"9",96486744,96506744,20001,"*","SRR19127202",-4.64527173057008,3.39629122696278e-06,0.0322409655815002,"Pre_chemo","HABP4"
"9",96486744,96506744,20001,"*","SRR19127202",-4.64527173057008,3.39629122696278e-06,0.0322409655815002,"Pre_chemo","CDC14B"
"17",50096921,50116921,20001,"*","SRR19127202",-4.57381404398246,4.78924939985576e-06,0.0406570828935974,"Pre_chemo","PDK2"
"17",50096921,50116921,20001,"*","SRR19127202",-4.57381404398246,4.78924939985576e-06,0.0406570828935974,"Pre_chemo","SAMD14"
"17",50096921,50116921,20001,"*","SRR19127202",-4.57381404398246,4.78924939985576e-06,0.0406570828935974,"Pre_chemo",""
"17",50096921,50116921,20001,"*","SRR19127202",-4.57381404398246,4.78924939985576e-06,0.0406570828935974,"Pre_chemo",""
"7",129178228,129198228,20001,"*","SRR19127202",-5.15305469885403,2.56277172668769e-07,0.00564460251800342,"Pre_chemo","SMO"
"6",6676001,6696001,20001,"*","SRR19127202",-4.57014290864553,4.87391740256326e-06,0.0407929584187766,"Pre_chemo",""
"6",6676001,6696001,20001,"*","SRR19127202",-4.57014290864553,4.87391740256326e-06,0.0407929584187766,"Pre_chemo",""
"6",6676001,6696001,20001,"*","SRR19127202",-4.57014290864553,4.87391740256326e-06,0.0407929584187766,"Pre_chemo",""
"6",6676001,6696001,20001,"*","SRR19127202",-4.57014290864553,4.87391740256326e-06,0.0407929584187766,"Pre_chemo",""
"6",6676001,6696001,20001,"*","SRR19127202",-4.57014290864553,4.87391740256326e-06,0.0407929584187766,"Pre_chemo",""
"6",6676001,6696001,20001,"*","SRR19127202",-4.57014290864553,4.87391740256326e-06,0.0407929584187766,"Pre_chemo",""
"20",36040853,36060853,20001,"*","SRR19127202",-7.40516703531944,1.30985492475032e-13,1.09630207216619e-07,"Pre_chemo",""
"20",36040853,36060853,20001,"*","SRR19127202",-7.40516703531944,1.30985492475032e-13,1.09630207216619e-07,"Pre_chemo","NORAD"
"20",36040853,36060853,20001,"*","SRR19127202",-7.40516703531944,1.30985492475032e-13,1.09630207216619e-07,"Pre_chemo",""
"20",36040853,36060853,20001,"*","SRR19127202",-7.40516703531944,1.30985492475032e-13,1.09630207216619e-07,"Pre_chemo",""
"12",111024859,111044859,20001,"*","SRR19127202",-5.09224138335518,3.53855197869143e-07,0.00662455090915292,"Pre_chemo","CUX2"
"12",111024859,111044859,20001,"*","SRR19127202",-5.09224138335518,3.53855197869143e-07,0.00662455090915292,"Pre_chemo","MYL2"
"12",111024859,111044859,20001,"*","SRR19127202",-5.09224138335518,3.53855197869143e-07,0.00662455090915292,"Pre_chemo",""
"16",47866781,47886781,20001,"*","SRR19127202",-4.62435533697035,3.75765224685964e-06,0.0336365939461685,"Pre_chemo","LINC02192"
"16",47866781,47886781,20001,"*","SRR19127202",-4.62435533697035,3.75765224685964e-06,0.0336365939461685,"Pre_chemo","LINC02133"
"8",12534424,12554424,20001,"*","SRR19127202",-5.25872449699856,1.45058021037895e-07,0.00372188990566641,"Pre_chemo",""
"8",12534424,12554424,20001,"*","SRR19127202",-5.25872449699856,1.45058021037895e-07,0.00372188990566641,"Pre_chemo","FAM66A"
"17",43769113,43789113,20001,"*","SRR19127202",-5.2115626611379,1.87256571634493e-07,0.00435353063471604,"Pre_chemo","DUSP3"
"17",43769113,43789113,20001,"*","SRR19127202",-5.2115626611379,1.87256571634493e-07,0.00435353063471604,"Pre_chemo","CFAP97D1"
"17",43769113,43789113,20001,"*","SRR19127202",-5.2115626611379,1.87256571634493e-07,0.00435353063471604,"Pre_chemo",""
